{"cameraMode":{"drawMode":0,"name":"Shaded","section":"Shading Mode"},"sceneLighting":true,"audioPlay":false,"sceneViewState":{"showFog":true,"showMaterialUpdate":false,"showSkybox":true,"showFlares":true,"showImageEffects":true,"showParticleSystems":true,"showVisualEffectGraphs":true,"m_FxEnabled":true},"in2DMode":false,"pivot":{"x":-2.2244064807891847,"y":6.753352642059326,"z":-3.9197585582733156},"rotation":{"x":-0.11498691886663437,"y":0.06641346961259842,"z":-0.007693291641771793,"w":-0.9911296963691711},"size":12.44544792175293,"orthographic":false}