{"cameraMode":{"drawMode":0,"name":"Shaded","section":"Shading Mode"},"sceneLighting":true,"audioPlay":false,"sceneViewState":{"showFog":true,"showMaterialUpdate":false,"showSkybox":true,"showFlares":true,"showImageEffects":true,"showParticleSystems":true,"showVisualEffectGraphs":true,"m_FxEnabled":true},"in2DMode":false,"pivot":{"x":11.32084846496582,"y":15.557186126708985,"z":-15.143595695495606},"rotation":{"x":0.06134071946144104,"y":0.07483694702386856,"z":-0.003995545674115419,"w":0.9954497218132019},"size":4.389207363128662,"orthographic":false}