{"cameraMode":{"drawMode":0,"name":"Shaded","section":"Shading Mode"},"sceneLighting":true,"audioPlay":false,"sceneViewState":{"showFog":true,"showMaterialUpdate":false,"showSkybox":true,"showFlares":true,"showImageEffects":true,"showParticleSystems":true,"showVisualEffectGraphs":true,"m_FxEnabled":true},"in2DMode":false,"pivot":{"x":28.828805923461915,"y":10.833232879638672,"z":-34.60154724121094},"rotation":{"x":0.0404532253742218,"y":-0.0314493328332901,"z":0.0018741532694548369,"w":0.9988391995429993},"size":4.389207363128662,"orthographic":false}