{"cameraMode":{"drawMode":0,"name":"Shaded","section":"Shading Mode"},"sceneLighting":false,"audioPlay":false,"sceneViewState":{"showFog":true,"showMaterialUpdate":false,"showSkybox":true,"showFlares":true,"showImageEffects":true,"showParticleSystems":true,"showVisualEffectGraphs":true,"m_FxEnabled":true},"in2DMode":false,"pivot":{"x":25.582416534423829,"y":7.671464443206787,"z":-10.367734909057618},"rotation":{"x":-0.09623198956251145,"y":-0.14992661774158479,"z":0.01470424048602581,"w":-0.9839290380477905},"size":11.432831764221192,"orthographic":false}