{"cameraMode":{"drawMode":0,"name":"Shaded","section":"Shading Mode"},"sceneLighting":false,"audioPlay":false,"sceneViewState":{"showFog":true,"showMaterialUpdate":false,"showSkybox":false,"showFlares":true,"showImageEffects":true,"showParticleSystems":true,"showVisualEffectGraphs":true,"m_FxEnabled":true},"in2DMode":false,"pivot":{"x":-0.29267606139183047,"y":5.337541580200195,"z":16.603023529052736},"rotation":{"x":0.08958807587623596,"y":0.19962115585803986,"z":-0.018053898587822915,"w":0.975798487663269},"size":0.3235473930835724,"orthographic":false}